<?xml version="1.0" encoding="UTF-8"?>
<Configuration status="WARN">
    <Properties>
        <Property name="PID">????</Property>
        <Property name="LOG_EXCEPTION_CONVERSION_WORD">%xwEx</Property>
        <Property name="LOG_LEVEL_PATTERN">%5p</Property>
        <Property name="LOG_DATEFORMAT_PATTERN">yyyy-MM-dd HH:mm:ss.SSS</Property>
        <Property name="CONSOLE_LOG_PATTERN">%clr{%d{${LOG_DATEFORMAT_PATTERN}}}{faint} %clr{${LOG_LEVEL_PATTERN}} %clr{${sys:PID}}{magenta} %clr{---}{faint} %clr{[%15.15t]}{faint} %clr{%-40.40c{1.}}{cyan} %clr{:}{faint} %m%n${sys:LOG_EXCEPTION_CONVERSION_WORD}</Property>
        <Property name="FILE_LOG_PATTERN">%d{${LOG_DATEFORMAT_PATTERN}} ${LOG_LEVEL_PATTERN} ${sys:PID} --- [%t] %-40.40c{1.} : %m%n${sys:LOG_EXCEPTION_CONVERSION_WORD}</Property>
    </Properties>

    <Appenders>
        <Console name="Console" target="SYSTEM_OUT" follow="true">
            <PatternLayout pattern="${sys:CONSOLE_LOG_PATTERN}"/>
        </Console>

        <File name="File" fileName="module04-question07-log4j2.log">
            <PatternLayout pattern="${sys:FILE_LOG_PATTERN}"/>
        </File>
    </Appenders>

    <Loggers>
        <Root level="WARN">
            <AppenderRef ref="Console"/>
            <AppenderRef ref="File"/>
        </Root>

        <Logger name="app.service.a" level="FATAL"/>
        <Logger name="app.service.b" level="ERROR"/>
        <Logger name="app.service.c" level="WARN"/>
        <Logger name="app.service.d" level="INFO"/>
        <Logger name="app.service.e" level="DEBUG"/>
        <Logger name="app.service.f" level="TRACE"/>
    </Loggers>
</Configuration>
