<?xml version="1.0" encoding="UTF-8"?>

<!-- This file was generated by Ignite Web Console (12/23/2018, 15:53) -->

<beans xmlns="http://www.springframework.org/schema/beans"
       xmlns:xsi="http://www.w3.org/2001/XMLSchema-instance"
       xmlns:util="http://www.springframework.org/schema/util"
       xsi:schemaLocation="http://www.springframework.org/schema/beans
                           http://www.springframework.org/schema/beans/spring-beans.xsd
                           http://www.springframework.org/schema/util
                           http://www.springframework.org/schema/util/spring-util.xsd">

    <bean class="org.apache.ignite.configuration.IgniteConfiguration">
        <property name="igniteInstanceName" value="DuckAirlines"/>

        <!-- *****************************************************************
           Module 4: The code directly below demonstrates how to configure the cluster
           to encrypt traffic between the nodes.

           NOTE: When you enable TLS/SSL you will be required to supply a username and
                 password when connecting to the cluster from anything using the REST
                 web services.  The default username / password is: ignite / ignite.
                 Also, you will need to add these two lines to the web agent
                 default.properties file:
                    node-login=ignite
                    node-password=ignite
         -->

        <property name="sslContextFactory">
            <bean class="org.apache.ignite.ssl.SslContextFactory">
                <property name="keyStoreFilePath" value="C:\Pluralsight\keystore\keystore.jks"/>
                <property name="keyStorePassword" value="changeit" />
                <property name="trustStoreFilePath" value="C:\Pluralsight\keystore\cacerts.jks" />
                <property name="trustStorePassword" value="changeit" />
            </bean>
        </property>

        <!-- ***************************************************************** -->

        <property name="discoverySpi">
            <bean class="org.apache.ignite.spi.discovery.tcp.TcpDiscoverySpi">
                <property name="ipFinder">
                    <bean class="org.apache.ignite.spi.discovery.tcp.ipfinder.vm.TcpDiscoveryVmIpFinder">
                        <property name="addresses">
                            <list>
                                <value>127.0.0.1:47500..47510</value>
                            </list>
                        </property>
                    </bean>
                </property>
            </bean>
        </property>

        <!-- *****************************************************************
           Module 4: The code directly below demonstrates how to configure
           node attributes in code.
           To configure this node to be a "Flight Operations" node,
           comment out: put("ROLE", "FlightReservations"); and
           uncomment:   put("ROLE", "FlightOperations");. -->

        <property name="userAttributes">
            <map>
                <entry key="ROLE" value="FlightReservations" />
                <!--<entry key="ROLE" value="FlightOperations" />-->
            </map>
        </property>

        <!-- ***************************************************************** -->

        <property name="atomicConfiguration">
            <bean class="org.apache.ignite.configuration.AtomicConfiguration">
                <property name="cacheMode" value="REPLICATED"/>
            </bean>
        </property>

        <property name="dataStorageConfiguration">
            <bean class="org.apache.ignite.configuration.DataStorageConfiguration">
                <property name="defaultDataRegionConfiguration">
                    <bean class="org.apache.ignite.configuration.DataRegionConfiguration">
                        <property name="persistenceEnabled" value="true"/>
                    </bean>
                </property>
            </bean>
        </property>

        <property name="peerClassLoadingEnabled" value="true"/>

        <property name="cacheConfiguration">
            <list>
                <bean class="org.apache.ignite.configuration.CacheConfiguration">
                    <property name="name" value="AircraftCache"/>
                    <property name="cacheMode" value="PARTITIONED"/>
                    <property name="atomicityMode" value="ATOMIC"/>
                    <property name="backups" value="1"/>
                    <property name="readFromBackup" value="true"/>
                    <property name="copyOnRead" value="true"/>

                    <property name="queryEntities">
                        <list>
                            <bean class="org.apache.ignite.cache.QueryEntity">
                                <property name="keyType" value="java.lang.Integer"/>
                                <property name="valueType" value="com.pluralsight.duckair.models.Aircraft"/>
                                <property name="keyFieldName" value="aircraftId"/>

                                <property name="keyFields">
                                    <list>
                                        <value>aircraftId</value>
                                    </list>
                                </property>

                                <property name="fields">
                                    <map>
                                        <entry key="aircraftAbbr" value="java.lang.String"/>
                                        <entry key="aircraftName" value="java.lang.String"/>
                                        <entry key="landingRollOut" value="java.lang.Integer"/>
                                        <entry key="manufacturer" value="java.lang.String"/>
                                        <entry key="maxCruiseSpeed" value="java.lang.Integer"/>
                                        <entry key="maxRangeSpeed" value="java.lang.Integer"/>
                                        <entry key="normCruiseSpeed" value="java.lang.Integer"/>
                                        <entry key="aircraftRange" value="java.lang.Integer"/>
                                        <entry key="rateOfClimb" value="java.lang.Integer"/>
                                        <entry key="serviceCeiling" value="java.lang.Integer"/>
                                        <entry key="stallSpeed" value="java.lang.Integer"/>
                                        <entry key="takeoffRoll" value="java.lang.Integer"/>
                                        <entry key="aircraftId" value="java.lang.Integer"/>
                                    </map>
                                </property>

                                <property name="aliases">
                                    <map>
                                        <entry key="aircraftId" value="aircraft_id"/>
                                        <entry key="aircraftAbbr" value="aircraft_abbr"/>
                                        <entry key="aircraftName" value="aircraft_name"/>
                                        <entry key="landingRollOut" value="landing_roll_out"/>
                                        <entry key="maxCruiseSpeed" value="max_cruise_speed"/>
                                        <entry key="maxRangeSpeed" value="max_range_speed"/>
                                        <entry key="normCruiseSpeed" value="norm_cruise_speed"/>
                                        <entry key="aircraftRange" value="aircraft_range"/>
                                        <entry key="rateOfClimb" value="rate_of_climb"/>
                                        <entry key="serviceCeiling" value="service_ceiling"/>
                                        <entry key="stallSpeed" value="stall_speed"/>
                                        <entry key="takeoffRoll" value="takeoff_roll"/>
                                    </map>
                                </property>
                            </bean>
                        </list>
                    </property>
                </bean>

                <bean class="org.apache.ignite.configuration.CacheConfiguration">
                    <property name="name" value="AirportsCache"/>
                    <property name="cacheMode" value="PARTITIONED"/>
                    <property name="atomicityMode" value="ATOMIC"/>

                    <property name="queryEntities">
                        <list>
                            <bean class="org.apache.ignite.cache.QueryEntity">
                                <property name="keyType" value="java.lang.Integer"/>
                                <property name="valueType" value="com.pluralsight.duckair.models.Airports"/>
                                <property name="keyFieldName" value="id"/>

                                <property name="keyFields">
                                    <list>
                                        <value>id</value>
                                    </list>
                                </property>

                                <property name="fields">
                                    <map>
                                        <entry key="recordtypeindicator" value="java.lang.String"/>
                                        <entry key="sitenumber" value="java.lang.String"/>
                                        <entry key="facilitytype" value="java.lang.String"/>
                                        <entry key="locationidentifier" value="java.lang.String"/>
                                        <entry key="infoeffectivedate" value="java.sql.Date"/>
                                        <entry key="faaregioncode" value="java.lang.String"/>
                                        <entry key="faafieldofficecode" value="java.lang.String"/>
                                        <entry key="stateabbr" value="java.lang.String"/>
                                        <entry key="statename" value="java.lang.String"/>
                                        <entry key="county" value="java.lang.String"/>
                                        <entry key="countystatename" value="java.lang.String"/>
                                        <entry key="city" value="java.lang.String"/>
                                        <entry key="facilityname" value="java.lang.String"/>
                                        <entry key="ownershiptype" value="java.lang.String"/>
                                        <entry key="facilityuse" value="java.lang.String"/>
                                        <entry key="ownername" value="java.lang.String"/>
                                        <entry key="owneraddress" value="java.lang.String"/>
                                        <entry key="ownercitystatezip" value="java.lang.String"/>
                                        <entry key="ownerphone" value="java.lang.String"/>
                                        <entry key="managername" value="java.lang.String"/>
                                        <entry key="manageraddress" value="java.lang.String"/>
                                        <entry key="managercitystatezip" value="java.lang.String"/>
                                        <entry key="managerphone" value="java.lang.String"/>
                                        <entry key="referencepointlatitudef" value="java.lang.String"/>
                                        <entry key="referencepointlatitudes" value="java.lang.String"/>
                                        <entry key="referencepointlongitudef" value="java.lang.String"/>
                                        <entry key="referencepointlongitudes" value="java.lang.String"/>
                                        <entry key="referencepointmethod" value="java.lang.String"/>
                                        <entry key="airportelevation" value="java.math.BigDecimal"/>
                                        <entry key="airportelevationmethod" value="java.lang.String"/>
                                        <entry key="magneticvariation" value="java.lang.String"/>
                                        <entry key="magneticvariationepoch" value="java.lang.String"/>
                                        <entry key="trafficpatternaltitude" value="java.lang.Integer"/>
                                        <entry key="sectionalname" value="java.lang.String"/>
                                        <entry key="distancefromcity" value="java.lang.String"/>
                                        <entry key="directiontocity" value="java.lang.String"/>
                                        <entry key="citydistrict" value="java.lang.String"/>
                                        <entry key="airportacres" value="java.lang.String"/>
                                        <entry key="artccidentifier" value="java.lang.String"/>
                                        <entry key="artcccomputeridentifier" value="java.lang.String"/>
                                        <entry key="artccname" value="java.lang.String"/>
                                        <entry key="responsibleartccidentifier" value="java.lang.String"/>
                                        <entry key="responsibleartccname" value="java.lang.String"/>
                                        <entry key="tieinfssonfield" value="java.lang.String"/>
                                        <entry key="tieinfssidentifier" value="java.lang.String"/>
                                        <entry key="tieinfssname" value="java.lang.String"/>
                                        <entry key="fssphonenumber" value="java.lang.String"/>
                                        <entry key="fsstollfreephone" value="java.lang.String"/>
                                        <entry key="alternatefssidentifier" value="java.lang.String"/>
                                        <entry key="alternatefssname" value="java.lang.String"/>
                                        <entry key="alternatefsstollfree" value="java.lang.String"/>
                                        <entry key="notamfacilityidentifier" value="java.lang.String"/>
                                        <entry key="notamdavailable" value="java.lang.String"/>
                                        <entry key="airportactivationdate" value="java.sql.Date"/>
                                        <entry key="airportstatuscode" value="java.lang.String"/>
                                        <entry key="airportarffcert" value="java.lang.String"/>
                                        <entry key="agreementcode" value="java.lang.String"/>
                                        <entry key="airspaceanalysis" value="java.lang.String"/>
                                        <entry key="international" value="java.lang.String"/>
                                        <entry key="offfieldcustoms" value="java.lang.String"/>
                                        <entry key="militaryjointuse" value="java.lang.String"/>
                                        <entry key="militarylandingrights" value="java.lang.String"/>
                                        <entry key="inspectionmethod" value="java.lang.String"/>
                                        <entry key="inspectionagency" value="java.lang.String"/>
                                        <entry key="lastinspection" value="java.sql.Date"/>
                                        <entry key="lastinformationrequest" value="java.sql.Date"/>
                                        <entry key="fueltypes" value="java.lang.String"/>
                                        <entry key="airframerepair" value="java.lang.String"/>
                                        <entry key="powerplantrepair" value="java.lang.String"/>
                                        <entry key="bottledoxygen" value="java.lang.String"/>
                                        <entry key="bulkoxygen" value="java.lang.String"/>
                                        <entry key="lightingschedule" value="java.lang.String"/>
                                        <entry key="beaconlightingschedule" value="java.lang.String"/>
                                        <entry key="toweronfield" value="java.lang.String"/>
                                        <entry key="unicomfrequency" value="java.lang.String"/>
                                        <entry key="ctafrequency" value="java.lang.String"/>
                                        <entry key="segmentedcircle" value="java.lang.String"/>
                                        <entry key="beaconcolor" value="java.lang.String"/>
                                        <entry key="landingfee" value="java.lang.String"/>
                                        <entry key="medicaluse" value="java.lang.String"/>
                                        <entry key="singleengine" value="java.lang.String"/>
                                        <entry key="multiengine" value="java.lang.String"/>
                                        <entry key="jetengine" value="java.lang.String"/>
                                        <entry key="helicopter" value="java.lang.String"/>
                                        <entry key="gliders" value="java.lang.String"/>
                                        <entry key="military" value="java.lang.String"/>
                                        <entry key="ultralight" value="java.lang.String"/>
                                        <entry key="commercialservices" value="java.lang.String"/>
                                        <entry key="commuterservices" value="java.lang.String"/>
                                        <entry key="airtaxiservices" value="java.lang.String"/>
                                        <entry key="generalaviationlocal" value="java.lang.String"/>
                                        <entry key="generalaviationitinerant" value="java.lang.String"/>
                                        <entry key="militaryoperations" value="java.lang.String"/>
                                        <entry key="operationsdataexpires" value="java.sql.Date"/>
                                        <entry key="positionsource" value="java.lang.String"/>
                                        <entry key="positionsourcedate" value="java.sql.Timestamp"/>
                                        <entry key="elevationsource" value="java.lang.String"/>
                                        <entry key="elevationsourcedate" value="java.sql.Timestamp"/>
                                        <entry key="contractfuel" value="java.lang.String"/>
                                        <entry key="transientstorage" value="java.lang.String"/>
                                        <entry key="otherservices" value="java.lang.String"/>
                                        <entry key="windsock" value="java.lang.String"/>
                                        <entry key="icao" value="java.lang.String"/>
                                        <entry key="latitude" value="java.math.BigDecimal"/>
                                        <entry key="longitude" value="java.math.BigDecimal"/>
                                        <entry key="isserviced" value="java.lang.Boolean"/>
                                        <entry key="id" value="java.lang.Integer"/>
                                    </map>
                                </property>
                            </bean>
                        </list>
                    </property>
                </bean>

                <bean class="org.apache.ignite.configuration.CacheConfiguration">
                    <property name="name" value="CrewCache"/>
                    <property name="cacheMode" value="PARTITIONED"/>
                    <property name="atomicityMode" value="ATOMIC"/>

                    <property name="queryEntities">
                        <list>
                            <bean class="org.apache.ignite.cache.QueryEntity">
                                <property name="keyType" value="java.lang.String"/>
                                <property name="valueType" value="com.pluralsight.duckair.models.Crew"/>
                                <property name="keyFieldName" value="crewId"/>

                                <property name="keyFields">
                                    <list>
                                        <value>crewId</value>
                                    </list>
                                </property>

                                <property name="fields">
                                    <map>
                                        <entry key="crewType" value="java.lang.String"/>
                                        <entry key="firstName" value="java.lang.String"/>
                                        <entry key="lastName" value="java.lang.String"/>
                                        <entry key="employeeId" value="java.lang.String"/>
                                        <entry key="hireDate" value="java.sql.Date"/>
                                        <entry key="crewId" value="java.lang.String"/>
                                    </map>
                                </property>

                                <property name="aliases">
                                    <map>
                                        <entry key="crewId" value="crew_id"/>
                                        <entry key="crewType" value="crew_type"/>
                                        <entry key="firstName" value="first_name"/>
                                        <entry key="lastName" value="last_name"/>
                                        <entry key="employeeId" value="employee_id"/>
                                        <entry key="hireDate" value="hire_date"/>
                                    </map>
                                </property>
                            </bean>
                        </list>
                    </property>
                </bean>

                <bean class="org.apache.ignite.configuration.CacheConfiguration">
                    <property name="name" value="CustomersCache"/>
                    <property name="cacheMode" value="PARTITIONED"/>
                    <property name="atomicityMode" value="ATOMIC"/>

                    <property name="queryEntities">
                        <list>
                            <bean class="org.apache.ignite.cache.QueryEntity">
                                <property name="keyType" value="java.lang.String"/>
                                <property name="valueType" value="com.pluralsight.duckair.models.Customers"/>
                                <property name="keyFieldName" value="id"/>

                                <property name="keyFields">
                                    <list>
                                        <value>id</value>
                                    </list>
                                </property>

                                <property name="fields">
                                    <map>
                                        <entry key="firstName" value="java.lang.String"/>
                                        <entry key="lastName" value="java.lang.String"/>
                                        <entry key="emailAddress" value="java.lang.String"/>
                                        <entry key="address1" value="java.lang.String"/>
                                        <entry key="address2" value="java.lang.String"/>
                                        <entry key="city" value="java.lang.String"/>
                                        <entry key="state" value="java.lang.String"/>
                                        <entry key="zip" value="java.lang.String"/>
                                        <entry key="id" value="java.lang.String"/>
                                    </map>
                                </property>

                                <property name="aliases">
                                    <map>
                                        <entry key="firstName" value="first_name"/>
                                        <entry key="lastName" value="last_name"/>
                                        <entry key="emailAddress" value="email_address"/>
                                    </map>
                                </property>
                            </bean>
                        </list>
                    </property>
                </bean>

                <bean class="org.apache.ignite.configuration.CacheConfiguration">
                    <property name="name" value="FixCache"/>
                    <property name="cacheMode" value="PARTITIONED"/>
                    <property name="atomicityMode" value="ATOMIC"/>

                    <property name="queryEntities">
                        <list>
                            <bean class="org.apache.ignite.cache.QueryEntity">
                                <property name="keyType" value="java.lang.Integer"/>
                                <property name="valueType" value="com.pluralsight.duckair.models.Fix"/>
                                <property name="keyFieldName" value="id"/>

                                <property name="keyFields">
                                    <list>
                                        <value>id</value>
                                    </list>
                                </property>

                                <property name="fields">
                                    <map>
                                        <entry key="recordtype" value="java.lang.String"/>
                                        <entry key="fixident" value="java.lang.String"/>
                                        <entry key="fixstatename" value="java.lang.String"/>
                                        <entry key="icaoregioncode" value="java.lang.String"/>
                                        <entry key="fixlatitude" value="java.lang.String"/>
                                        <entry key="fixlongitude" value="java.lang.String"/>
                                        <entry key="civilormilfix" value="java.lang.String"/>
                                        <entry key="mlscomponentdata" value="java.lang.String"/>
                                        <entry key="fixdescription" value="java.lang.String"/>
                                        <entry key="previousfixname" value="java.lang.String"/>
                                        <entry key="chart" value="java.lang.String"/>
                                        <entry key="published" value="java.lang.String"/>
                                        <entry key="fixuse" value="java.lang.String"/>
                                        <entry key="nasident" value="java.lang.String"/>
                                        <entry key="artcchigh" value="java.lang.String"/>
                                        <entry key="artcclow" value="java.lang.String"/>
                                        <entry key="fixcountry" value="java.lang.String"/>
                                        <entry key="pitch" value="java.lang.String"/>
                                        <entry key="fieldCatch" value="java.lang.String"/>
                                        <entry key="suaatcaa" value="java.lang.String"/>
                                        <entry key="blank" value="java.lang.String"/>
                                        <entry key="id" value="java.lang.Integer"/>
                                    </map>
                                </property>

                                <property name="aliases">
                                    <map>
                                        <entry key="fieldCatch" value="Catch"/>
                                    </map>
                                </property>
                            </bean>
                        </list>
                    </property>
                </bean>

                <bean class="org.apache.ignite.configuration.CacheConfiguration">
                    <property name="name" value="FleetCache"/>
                    <property name="cacheMode" value="PARTITIONED"/>
                    <property name="atomicityMode" value="ATOMIC"/>

                    <property name="queryEntities">
                        <list>
                            <bean class="org.apache.ignite.cache.QueryEntity">
                                <property name="keyType" value="java.lang.String"/>
                                <property name="valueType" value="com.pluralsight.duckair.models.Fleet"/>
                                <property name="keyFieldName" value="fleetId"/>

                                <property name="keyFields">
                                    <list>
                                        <value>fleetId</value>
                                    </list>
                                </property>

                                <property name="fields">
                                    <map>
                                        <entry key="aircraftId" value="java.lang.Integer"/>
                                        <entry key="airframeHours" value="java.lang.Integer"/>
                                        <entry key="tailNumber" value="java.lang.String"/>
                                        <entry key="capacity" value="java.lang.String"/>
                                        <entry key="fleetId" value="java.lang.String"/>
                                    </map>
                                </property>

                                <property name="aliases">
                                    <map>
                                        <entry key="fleetId" value="fleet_id"/>
                                        <entry key="aircraftId" value="aircraft_id"/>
                                        <entry key="airframeHours" value="airframe_hours"/>
                                        <entry key="tailNumber" value="tail_number"/>
                                    </map>
                                </property>
                            </bean>
                        </list>
                    </property>
                </bean>

                <bean class="org.apache.ignite.configuration.CacheConfiguration">
                    <property name="name" value="FlightPlansCache"/>
                    <property name="cacheMode" value="PARTITIONED"/>
                    <property name="atomicityMode" value="ATOMIC"/>

                    <property name="queryEntities">
                        <list>
                            <bean class="org.apache.ignite.cache.QueryEntity">
                                <property name="keyType" value="java.lang.String"/>
                                <property name="valueType" value="com.pluralsight.duckair.models.FlightPlans"/>
                                <property name="tableName" value="flight_plans"/>
                                <property name="keyFieldName" value="flightPlanId"/>

                                <property name="keyFields">
                                    <list>
                                        <value>flightPlanId</value>
                                    </list>
                                </property>

                                <property name="fields">
                                    <map>
                                        <entry key="flightNumber" value="java.lang.String"/>
                                        <entry key="fromAirportIcao" value="java.lang.String"/>
                                        <entry key="toAirportIcao" value="java.lang.String"/>
                                        <entry key="distance" value="java.lang.String"/>
                                        <entry key="filedAltitude" value="java.lang.String"/>
                                        <entry key="filedAirspeed" value="java.lang.String"/>
                                        <entry key="fleetId" value="java.lang.String"/>
                                        <entry key="estimatedMinutesEnroute" value="java.lang.Integer"/>
                                        <entry key="timeAway" value="java.lang.String"/>
                                        <entry key="flightStatus" value="java.lang.String"/>
                                        <entry key="flightPlanId" value="java.lang.String"/>
                                    </map>
                                </property>

                                <property name="aliases">
                                    <map>
                                        <entry key="flightPlanId" value="flight_plan_id"/>
                                        <entry key="flightNumber" value="flight_number"/>
                                        <entry key="fromAirportIcao" value="from_airport_icao"/>
                                        <entry key="toAirportIcao" value="to_airport_icao"/>
                                        <entry key="filedAltitude" value="filed_altitude"/>
                                        <entry key="filedAirspeed" value="filed_airspeed"/>
                                        <entry key="fleetId" value="fleet_id"/>
                                        <entry key="estimatedMinutesEnroute" value="estimated_minutes_enroute"/>
                                        <entry key="timeAway" value="time_away"/>
                                        <entry key="flightStatus" value="flight_status"/>
                                    </map>
                                </property>
                            </bean>
                        </list>
                    </property>
                </bean>

                <bean class="org.apache.ignite.configuration.CacheConfiguration">
                    <property name="name" value="FlightsCache"/>
                    <property name="cacheMode" value="PARTITIONED"/>
                    <property name="atomicityMode" value="ATOMIC"/>

                      <property name="queryEntities">
                        <list>
                            <bean class="org.apache.ignite.cache.QueryEntity">
                                <property name="keyType" value="java.lang.String"/>
                                <property name="valueType" value="com.pluralsight.duckair.models.Flights"/>
                                <property name="keyFieldName" value="flightId"/>

                                <property name="keyFields">
                                    <list>
                                        <value>flightId</value>
                                    </list>
                                </property>

                                <property name="fields">
                                    <map>
                                        <entry key="flightPlanId" value="java.lang.String"/>
                                        <entry key="fleetId" value="java.lang.String"/>
                                        <entry key="distance" value="java.lang.String"/>
                                        <entry key="estimatedTimeEnroute" value="java.math.BigDecimal"/>
                                        <entry key="flightCapacity" value="java.lang.Integer"/>
                                        <entry key="passengerCount" value="java.lang.Integer"/>
                                        <entry key="flightNumber" value="java.lang.Integer"/>
                                        <entry key="departureDate" value="java.sql.Date"/>
                                        <entry key="departureTime" value="java.sql.Time"/>
                                        <entry key="arrivalTime" value="java.sql.Time"/>
                                        <entry key="departureAirport" value="java.lang.String"/>
                                        <entry key="arrivalAirport" value="java.lang.String"/>
                                        <entry key="pilotId" value="java.lang.String"/>
                                        <entry key="copilotId" value="java.lang.String"/>
                                        <entry key="flightId" value="java.lang.String"/>
                                    </map>
                                </property>

                                <property name="aliases">
                                    <map>
                                        <entry key="flightId" value="flight_id"/>
                                        <entry key="flightPlanId" value="flight_plan_id"/>
                                        <entry key="fleetId" value="fleet_id"/>
                                        <entry key="estimatedTimeEnroute" value="estimated_time_enroute"/>
                                        <entry key="flightCapacity" value="flight_capacity"/>
                                        <entry key="passengerCount" value="passenger_count"/>
                                        <entry key="flightNumber" value="flight_number"/>
                                        <entry key="departureDate" value="departure_date"/>
                                        <entry key="departureTime" value="departure_time"/>
                                        <entry key="arrivalTime" value="arrival_time"/>
                                        <entry key="departureAirport" value="departure_airport"/>
                                        <entry key="arrivalAirport" value="arrival_airport"/>
                                        <entry key="pilotId" value="pilot_id"/>
                                        <entry key="copilotId" value="copilot_id"/>
                                    </map>
                                </property>
                            </bean>
                        </list>
                    </property>
                </bean>

                <bean class="org.apache.ignite.configuration.CacheConfiguration">
                    <property name="name" value="FrequentFlyerCache"/>
                    <property name="cacheMode" value="PARTITIONED"/>
                    <property name="atomicityMode" value="ATOMIC"/>

                    <property name="queryEntities">
                        <list>
                            <bean class="org.apache.ignite.cache.QueryEntity">
                                <property name="keyType" value="java.lang.String"/>
                                <property name="valueType" value="com.pluralsight.duckair.models.FrequentFlyer"/>
                                <property name="tableName" value="frequent_flyer"/>
                                <property name="keyFieldName" value="id"/>

                                <property name="keyFields">
                                    <list>
                                        <value>id</value>
                                    </list>
                                </property>

                                <property name="fields">
                                    <map>
                                        <entry key="customerId" value="java.lang.String"/>
                                        <entry key="account" value="java.lang.String"/>
                                        <entry key="memberSince" value="java.sql.Date"/>
                                        <entry key="total" value="java.lang.Integer"/>
                                        <entry key="used" value="java.lang.Integer"/>
                                        <entry key="balance" value="java.lang.String"/>
                                        <entry key="level" value="java.lang.String"/>
                                        <entry key="id" value="java.lang.String"/>
                                    </map>
                                </property>

                                <property name="aliases">
                                    <map>
                                        <entry key="customerId" value="customer_id"/>
                                        <entry key="memberSince" value="member_since"/>
                                    </map>
                                </property>
                            </bean>
                        </list>
                    </property>
                </bean>

                <bean class="org.apache.ignite.configuration.CacheConfiguration">
                    <property name="name" value="NavaidCache"/>
                    <property name="cacheMode" value="PARTITIONED"/>
                    <property name="atomicityMode" value="ATOMIC"/>

                    <property name="queryEntities">
                        <list>
                            <bean class="org.apache.ignite.cache.QueryEntity">
                                <property name="keyType" value="java.lang.Integer"/>
                                <property name="valueType" value="com.pluralsight.duckair.models.Navaid"/>
                                <property name="keyFieldName" value="id"/>

                                <property name="keyFields">
                                    <list>
                                        <value>id</value>
                                    </list>
                                </property>

                                <property name="fields">
                                    <map>
                                        <entry key="recordtype" value="java.lang.String"/>
                                        <entry key="facilityident" value="java.lang.String"/>
                                        <entry key="facilitytype" value="java.lang.String"/>
                                        <entry key="navaidident" value="java.lang.String"/>
                                        <entry key="effectivedate" value="java.sql.Date"/>
                                        <entry key="navaidname" value="java.lang.String"/>
                                        <entry key="city" value="java.lang.String"/>
                                        <entry key="state" value="java.lang.String"/>
                                        <entry key="stateabbr" value="java.lang.String"/>
                                        <entry key="faaregion" value="java.lang.String"/>
                                        <entry key="country" value="java.lang.String"/>
                                        <entry key="countryabbr" value="java.lang.String"/>
                                        <entry key="ownername" value="java.lang.String"/>
                                        <entry key="operatorname" value="java.lang.String"/>
                                        <entry key="commonusage" value="java.lang.String"/>
                                        <entry key="publicuse" value="java.lang.String"/>
                                        <entry key="operationalhours" value="java.lang.String"/>
                                        <entry key="identhigh" value="java.lang.String"/>
                                        <entry key="artcchigh" value="java.lang.String"/>
                                        <entry key="identlow" value="java.lang.String"/>
                                        <entry key="artcclow" value="java.lang.String"/>
                                        <entry key="latitude" value="java.lang.String"/>
                                        <entry key="latitudes" value="java.lang.String"/>
                                        <entry key="longitude" value="java.lang.String"/>
                                        <entry key="longitudes" value="java.lang.String"/>
                                        <entry key="latlongaccuracy" value="java.lang.String"/>
                                        <entry key="tacanlatitude" value="java.lang.String"/>
                                        <entry key="tacanlatitudes" value="java.lang.String"/>
                                        <entry key="tacanlongitude" value="java.lang.String"/>
                                        <entry key="tacanlongitudes" value="java.lang.String"/>
                                        <entry key="elevation" value="java.lang.String"/>
                                        <entry key="magneticvariation" value="java.lang.String"/>
                                        <entry key="magneticvariationepoch" value="java.lang.String"/>
                                        <entry key="voice" value="java.lang.String"/>
                                        <entry key="poweroutput" value="java.lang.String"/>
                                        <entry key="voiceident" value="java.lang.String"/>
                                        <entry key="monitoringcategory" value="java.lang.String"/>
                                        <entry key="radiocallname" value="java.lang.String"/>
                                        <entry key="tacanchannel" value="java.lang.String"/>
                                        <entry key="frequency" value="java.lang.String"/>
                                        <entry key="morsecodeident" value="java.lang.String"/>
                                        <entry key="fanmarkertype" value="java.lang.String"/>
                                        <entry key="truebearing" value="java.lang.String"/>
                                        <entry key="protectedfreqaltitude" value="java.lang.String"/>
                                        <entry key="highalthaslowradio" value="java.lang.String"/>
                                        <entry key="navaidzmarker" value="java.lang.String"/>
                                        <entry key="weatherbroadcasthours" value="java.lang.String"/>
                                        <entry key="weatherbroadcastphone" value="java.lang.String"/>
                                        <entry key="controllingfssident" value="java.lang.String"/>
                                        <entry key="controllingfssname" value="java.lang.String"/>
                                        <entry key="fsshours" value="java.lang.String"/>
                                        <entry key="notamaccountabilitycode" value="java.lang.String"/>
                                        <entry key="quadidentandrangelegbearing" value="java.lang.String"/>
                                        <entry key="status" value="java.lang.String"/>
                                        <entry key="pitch" value="java.lang.String"/>
                                        <entry key="fieldCatch" value="java.lang.String"/>
                                        <entry key="suaatcaa" value="java.lang.String"/>
                                        <entry key="restriction" value="java.lang.String"/>
                                        <entry key="hiwas" value="java.lang.String"/>
                                        <entry key="twebrestriction" value="java.lang.String"/>
                                        <entry key="longituded" value="java.math.BigDecimal"/>
                                        <entry key="latituded" value="java.math.BigDecimal"/>
                                        <entry key="id" value="java.lang.Integer"/>
                                    </map>
                                </property>

                                <property name="aliases">
                                    <map>
                                        <entry key="fieldCatch" value="Catch"/>
                                    </map>
                                </property>
                            </bean>
                        </list>
                    </property>
                </bean>

                <bean class="org.apache.ignite.configuration.CacheConfiguration">
                    <property name="name" value="PilotLogsCache"/>
                    <property name="cacheMode" value="PARTITIONED"/>
                    <property name="atomicityMode" value="ATOMIC"/>

                    <property name="queryEntities">
                        <list>
                            <bean class="org.apache.ignite.cache.QueryEntity">
                                <property name="keyType" value="java.lang.String"/>
                                <property name="valueType" value="com.pluralsight.duckair.models.PilotLogs"/>
                                <property name="tableName" value="pilot_logs"/>
                                <property name="keyFieldName" value="logId"/>

                                <property name="keyFields">
                                    <list>
                                        <value>logId</value>
                                    </list>
                                </property>

                                <property name="fields">
                                    <map>
                                        <entry key="crewId" value="java.lang.String"/>
                                        <entry key="fleetId" value="java.lang.String"/>
                                        <entry key="flightDate" value="java.sql.Date"/>
                                        <entry key="origin" value="java.lang.String"/>
                                        <entry key="destination" value="java.lang.String"/>
                                        <entry key="duration" value="java.lang.String"/>
                                        <entry key="landingsDay" value="java.lang.String"/>
                                        <entry key="landingsNight" value="java.math.BigDecimal"/>
                                        <entry key="hoursDay" value="java.math.BigDecimal"/>
                                        <entry key="hoursNight" value="java.math.BigDecimal"/>
                                        <entry key="actualInstrument" value="java.math.BigDecimal"/>
                                        <entry key="approachCount" value="java.lang.String"/>
                                        <entry key="approachType" value="java.lang.String"/>
                                        <entry key="simulatorHours" value="java.lang.Integer"/>
                                        <entry key="crossCountryHours" value="java.math.BigDecimal"/>
                                        <entry key="solo" value="java.lang.Integer"/>
                                        <entry key="pilotInCommandHours" value="java.math.BigDecimal"/>
                                        <entry key="secondInCommandHours" value="java.math.BigDecimal"/>
                                        <entry key="remarks" value="java.lang.String"/>
                                        <entry key="logId" value="java.lang.String"/>
                                    </map>
                                </property>

                                <property name="aliases">
                                    <map>
                                        <entry key="logId" value="log_id"/>
                                        <entry key="crewId" value="crew_id"/>
                                        <entry key="fleetId" value="fleet_id"/>
                                        <entry key="flightDate" value="flight_date"/>
                                        <entry key="landingsDay" value="landings_day"/>
                                        <entry key="landingsNight" value="landings_night"/>
                                        <entry key="hoursDay" value="hours_day"/>
                                        <entry key="hoursNight" value="hours_night"/>
                                        <entry key="actualInstrument" value="actual_instrument"/>
                                        <entry key="approachCount" value="approach_count"/>
                                        <entry key="approachType" value="approach_type"/>
                                        <entry key="simulatorHours" value="simulator_hours"/>
                                        <entry key="crossCountryHours" value="cross_country_hours"/>
                                        <entry key="pilotInCommandHours" value="pilot_in_command_hours"/>
                                        <entry key="secondInCommandHours" value="second_in_command_hours"/>
                                    </map>
                                </property>
                            </bean>
                        </list>
                    </property>
                </bean>

                <bean class="org.apache.ignite.configuration.CacheConfiguration">
                    <property name="name" value="ReservationsCache"/>
                    <property name="cacheMode" value="PARTITIONED"/>
                    <property name="atomicityMode" value="ATOMIC"/>

                    <property name="queryEntities">
                        <list>
                            <bean class="org.apache.ignite.cache.QueryEntity">
                                <property name="keyType" value="java.lang.String"/>
                                <property name="valueType" value="com.pluralsight.duckair.models.Reservations"/>
                                <property name="keyFieldName" value="reservationId"/>

                                <property name="keyFields">
                                    <list>
                                        <value>reservationId</value>
                                    </list>
                                </property>

                                <property name="fields">
                                    <map>
                                        <entry key="customerId" value="java.lang.String"/>
                                        <entry key="flightId" value="java.lang.String"/>
                                        <entry key="seat" value="java.lang.String"/>
                                        <entry key="reservationId" value="java.lang.String"/>
                                    </map>
                                </property>

                                <property name="aliases">
                                    <map>
                                        <entry key="reservationId" value="reservation_id"/>
                                        <entry key="customerId" value="customer_id"/>
                                        <entry key="flightId" value="flight_id"/>
                                    </map>
                                </property>
                            </bean>
                        </list>
                    </property>
                </bean>

                <bean class="org.apache.ignite.configuration.CacheConfiguration">
                    <property name="name" value="RouteMetadataCache"/>
                    <property name="cacheMode" value="PARTITIONED"/>
                    <property name="atomicityMode" value="ATOMIC"/>

                    <property name="queryEntities">
                        <list>
                            <bean class="org.apache.ignite.cache.QueryEntity">
                                <property name="keyType" value="java.lang.Integer"/>
                                <property name="valueType" value="com.pluralsight.duckair.models.RouteMetadata"/>
                                <property name="tableName" value="route_metadata"/>
                                <property name="keyFieldName" value="routeMetadataId"/>

                                <property name="keyFields">
                                    <list>
                                        <value>routeMetadataId</value>
                                    </list>
                                </property>

                                <property name="fields">
                                    <map>
                                        <entry key="fromIcao" value="java.lang.String"/>
                                        <entry key="toIcao" value="java.lang.String"/>
                                        <entry key="fromName" value="java.lang.String"/>
                                        <entry key="toName" value="java.lang.String"/>
                                        <entry key="distance" value="java.lang.Integer"/>
                                        <entry key="waypoints" value="java.lang.Integer"/>
                                        <entry key="routeMetadataId" value="java.lang.Integer"/>
                                    </map>
                                </property>

                                <property name="aliases">
                                    <map>
                                        <entry key="routeMetadataId" value="route_metadata_id"/>
                                        <entry key="fromIcao" value="from_icao"/>
                                        <entry key="toIcao" value="to_icao"/>
                                        <entry key="fromName" value="from_name"/>
                                        <entry key="toName" value="to_name"/>
                                    </map>
                                </property>
                            </bean>
                        </list>
                    </property>
                </bean>

                <bean class="org.apache.ignite.configuration.CacheConfiguration">
                    <property name="name" value="RouteSegmentsCache"/>
                    <property name="cacheMode" value="PARTITIONED"/>
                    <property name="atomicityMode" value="ATOMIC"/>

                    <property name="queryEntities">
                        <list>
                            <bean class="org.apache.ignite.cache.QueryEntity">
                                <property name="keyType" value="java.lang.Integer"/>
                                <property name="valueType" value="com.pluralsight.duckair.models.RouteSegments"/>
                                <property name="tableName" value="route_segments"/>
                                <property name="keyFieldName" value="rowId"/>

                                <property name="keyFields">
                                    <list>
                                        <value>rowId</value>
                                    </list>
                                </property>

                                <property name="fields">
                                    <map>
                                        <entry key="routeId" value="java.lang.String"/>
                                        <entry key="sequence" value="java.lang.Integer"/>
                                        <entry key="waypointKind" value="java.lang.String"/>
                                        <entry key="waypointIdent" value="java.lang.String"/>
                                        <entry key="waypointName" value="java.lang.String"/>
                                        <entry key="latitude" value="java.math.BigDecimal"/>
                                        <entry key="longitude" value="java.math.BigDecimal"/>
                                        <entry key="viaAirway" value="java.lang.String"/>
                                        <entry key="airwayIdent" value="java.lang.String"/>
                                        <entry key="bearingToNext" value="java.lang.Integer"/>
                                        <entry key="distanceToNext" value="java.lang.Integer"/>
                                        <entry key="rowId" value="java.lang.Integer"/>
                                    </map>
                                </property>

                                <property name="aliases">
                                    <map>
                                        <entry key="rowId" value="row_id"/>
                                        <entry key="routeId" value="route_id"/>
                                        <entry key="waypointKind" value="waypoint_kind"/>
                                        <entry key="waypointIdent" value="waypoint_ident"/>
                                        <entry key="waypointName" value="waypoint_name"/>
                                        <entry key="viaAirway" value="via_airway"/>
                                        <entry key="airwayIdent" value="airway_ident"/>
                                        <entry key="bearingToNext" value="bearing_to_next"/>
                                        <entry key="distanceToNext" value="distance_to_next"/>
                                    </map>
                                </property>
                            </bean>
                        </list>
                    </property>
                </bean>

                <bean class="org.apache.ignite.configuration.CacheConfiguration">
                    <property name="name" value="RunwayCache"/>
                    <property name="cacheMode" value="PARTITIONED"/>
                    <property name="atomicityMode" value="ATOMIC"/>

                    <property name="queryEntities">
                        <list>
                            <bean class="org.apache.ignite.cache.QueryEntity">
                                <property name="keyType" value="java.lang.Integer"/>
                                <property name="valueType" value="com.pluralsight.duckair.models.Runway"/>
                                <property name="keyFieldName" value="id"/>

                                <property name="keyFields">
                                    <list>
                                        <value>id</value>
                                    </list>
                                </property>

                                <property name="fields">
                                    <map>
                                        <entry key="recordtype" value="java.lang.String"/>
                                        <entry key="sitenumber" value="java.lang.String"/>
                                        <entry key="state" value="java.lang.String"/>
                                        <entry key="runwayid" value="java.lang.String"/>
                                        <entry key="runwaylength" value="java.lang.Double"/>
                                        <entry key="runwaywidth" value="java.lang.Double"/>
                                        <entry key="runwaysurfacetypecondition" value="java.lang.String"/>
                                        <entry key="runwaysurfacetreatment" value="java.lang.String"/>
                                        <entry key="pavementclass" value="java.lang.String"/>
                                        <entry key="edgelightsintensity" value="java.lang.String"/>
                                        <entry key="baseendid" value="java.lang.String"/>
                                        <entry key="baseendtruealignment" value="java.lang.Double"/>
                                        <entry key="baseendilstype" value="java.lang.String"/>
                                        <entry key="baseendrighttrafficpattern" value="java.lang.String"/>
                                        <entry key="baseendmarkingstype" value="java.lang.String"/>
                                        <entry key="baseendmarkingscondition" value="java.lang.String"/>
                                        <entry key="baseendphysicallatitude" value="java.lang.String"/>
                                        <entry key="baseendphysicallatitudes" value="java.lang.String"/>
                                        <entry key="baseendphysicallongitude" value="java.lang.String"/>
                                        <entry key="baseendphysicallongitudes" value="java.lang.String"/>
                                        <entry key="baseendphysicalelevation" value="java.lang.Double"/>
                                        <entry key="baseendcrossingheight" value="java.lang.Double"/>
                                        <entry key="baseendglidepathangle" value="java.lang.Double"/>
                                        <entry key="baseenddisplacedlatitude" value="java.lang.String"/>
                                        <entry key="baseenddisplacedlatitudes" value="java.lang.String"/>
                                        <entry key="baseenddisplacedlongitude" value="java.lang.String"/>
                                        <entry key="baseenddisplacedlongitudes" value="java.lang.String"/>
                                        <entry key="baseenddisplacedelevation" value="java.lang.Double"/>
                                        <entry key="baseenddisplacedlength" value="java.lang.Double"/>
                                        <entry key="baseendtdzelevation" value="java.lang.Double"/>
                                        <entry key="baseendvasi" value="java.lang.String"/>
                                        <entry key="baseendrvr" value="java.lang.String"/>
                                        <entry key="baseendrvv" value="java.lang.String"/>
                                        <entry key="baseendals" value="java.lang.String"/>
                                        <entry key="baseendreil" value="java.lang.String"/>
                                        <entry key="baseendcenterlinelights" value="java.lang.String"/>
                                        <entry key="baseendtouchdownlights" value="java.lang.String"/>
                                        <entry key="baseendobjectdescription" value="java.lang.String"/>
                                        <entry key="baseendobjectmarklight" value="java.lang.String"/>
                                        <entry key="baseendpart77category" value="java.lang.String"/>
                                        <entry key="baseendobjectclearslope" value="java.lang.Double"/>
                                        <entry key="baseendobjectheight" value="java.lang.Double"/>
                                        <entry key="baseendobjectdistance" value="java.lang.Double"/>
                                        <entry key="baseendobjectoffset" value="java.lang.String"/>
                                        <entry key="reciprocalendid" value="java.lang.String"/>
                                        <entry key="reciprocalendtruealignment" value="java.lang.Double"/>
                                        <entry key="reciprocalendilstype" value="java.lang.String"/>
                                        <entry key="reciprocalendrighttrafficpattern" value="java.lang.String"/>
                                        <entry key="reciprocalendmarkingstype" value="java.lang.String"/>
                                        <entry key="reciprocalendmarkingscondition" value="java.lang.String"/>
                                        <entry key="reciprocalendphysicallatitude" value="java.lang.String"/>
                                        <entry key="reciprocalendphysicallatitudes" value="java.lang.String"/>
                                        <entry key="reciprocalendphysicallongitude" value="java.lang.String"/>
                                        <entry key="reciprocalendphysicallongitudes" value="java.lang.String"/>
                                        <entry key="reciprocalendphysicalelevation" value="java.lang.Double"/>
                                        <entry key="reciprocalendcrossingheight" value="java.lang.Double"/>
                                        <entry key="reciprocalendglidepathangle" value="java.lang.Double"/>
                                        <entry key="reciprocalenddisplacedlatitude" value="java.lang.String"/>
                                        <entry key="reciprocalenddisplacedlatitudes" value="java.lang.String"/>
                                        <entry key="reciprocalenddisplacedlongitude" value="java.lang.String"/>
                                        <entry key="reciprocalenddisplacedlongitudes" value="java.lang.String"/>
                                        <entry key="reciprocalenddisplacedelevation" value="java.lang.String"/>
                                        <entry key="reciprocalenddisplacedlength" value="java.lang.Double"/>
                                        <entry key="reciprocalendtdzelevation" value="java.lang.Double"/>
                                        <entry key="reciprocalendvasi" value="java.lang.String"/>
                                        <entry key="reciprocalendrvr" value="java.lang.String"/>
                                        <entry key="reciprocalendrvv" value="java.lang.String"/>
                                        <entry key="reciprocalendals" value="java.lang.String"/>
                                        <entry key="reciprocalendreil" value="java.lang.String"/>
                                        <entry key="reciprocalendcenterlinelights" value="java.lang.String"/>
                                        <entry key="reciprocalendtouchdownlights" value="java.lang.String"/>
                                        <entry key="reciprocalendobjectdescription" value="java.lang.String"/>
                                        <entry key="reciprocalendobjectmarklight" value="java.lang.String"/>
                                        <entry key="reciprocalendpart77category" value="java.lang.String"/>
                                        <entry key="reciprocalendobjectclearslope" value="java.lang.Double"/>
                                        <entry key="reciprocalendobjectheight" value="java.lang.Double"/>
                                        <entry key="reciprocalendobjectdistance" value="java.lang.Double"/>
                                        <entry key="reciprocalendobjectoffset" value="java.lang.String"/>
                                        <entry key="runwaylengthsource" value="java.lang.String"/>
                                        <entry key="runwaylengthsourcedate" value="java.sql.Timestamp"/>
                                        <entry key="runwayweightbearingcapacitysw" value="java.lang.Double"/>
                                        <entry key="runwayweightbearingcapacitydw" value="java.lang.Double"/>
                                        <entry key="runwayweightbearingcapacitydwtandem" value="java.lang.String"/>
                                        <entry key="runwayweightbearingcapacitydwdual" value="java.lang.String"/>
                                        <entry key="baseendgradient" value="java.lang.Double"/>
                                        <entry key="baseendgradientdirection" value="java.lang.String"/>
                                        <entry key="baseendpositionsource" value="java.lang.String"/>
                                        <entry key="baseendpositionsourcedate" value="java.sql.Timestamp"/>
                                        <entry key="baseendelevationsource" value="java.lang.String"/>
                                        <entry key="baseendelevationsourcedate" value="java.sql.Timestamp"/>
                                        <entry key="baseenddisplacedthresholdpositionsource" value="java.lang.String"/>
                                        <entry key="baseenddisplacedthresholdpositionsourcedate" value="java.sql.Timestamp"/>
                                        <entry key="baseenddisplacedthresholdelevationsource" value="java.lang.String"/>
                                        <entry key="baseenddisplacedthresholdelevationsourcedate" value="java.sql.Timestamp"/>
                                        <entry key="baseendtouchdownzoneelevationsource" value="java.lang.String"/>
                                        <entry key="baseendtouchdownzoneelevationsourcedate" value="java.sql.Timestamp"/>
                                        <entry key="baseendtakeoffrunavailabletora" value="java.lang.String"/>
                                        <entry key="baseendtakeoffdistanceavailabletoda" value="java.lang.Double"/>
                                        <entry key="baseendacltstopdistanceavailableasda" value="java.lang.Double"/>
                                        <entry key="baseendlandingdistanceavailablelda" value="java.lang.Double"/>
                                        <entry key="baseendlandinglahso" value="java.lang.String"/>
                                        <entry key="baseendlahsointersectrwyid" value="java.lang.String"/>
                                        <entry key="baseendlahsointersectentity" value="java.lang.String"/>
                                        <entry key="baseendlahsolatitude" value="java.lang.String"/>
                                        <entry key="baseendlahsolatitudes" value="java.lang.String"/>
                                        <entry key="baseendlahsolongitude" value="java.lang.String"/>
                                        <entry key="baseendlahsolongitudes" value="java.lang.String"/>
                                        <entry key="baseendlahsolatlongsource" value="java.lang.String"/>
                                        <entry key="baseendlahsolatlongsourcedate" value="java.sql.Timestamp"/>
                                        <entry key="reciprocalendgradient" value="java.lang.Double"/>
                                        <entry key="reciprocalendgradientdirection" value="java.lang.String"/>
                                        <entry key="reciprocalendpositionsource" value="java.lang.String"/>
                                        <entry key="reciprocalendpositionsourcedate" value="java.sql.Timestamp"/>
                                        <entry key="reciprocalendelevationsource" value="java.lang.String"/>
                                        <entry key="reciprocalendelevationsourcedate" value="java.sql.Timestamp"/>
                                        <entry key="reciprocalenddisplacedthresholdpositionsource" value="java.lang.String"/>
                                        <entry key="reciprocalenddisplacedthresholdpositionsourcedate" value="java.sql.Timestamp"/>
                                        <entry key="reciprocalenddisplacedthresholdelevationsource" value="java.lang.String"/>
                                        <entry key="reciprocalenddisplacedthresholdelevationsourcedate" value="java.sql.Timestamp"/>
                                        <entry key="reciprocalendtouchdownzoneelevationsource" value="java.lang.String"/>
                                        <entry key="reciprocalendtouchdownzoneelevationsourcedate" value="java.sql.Timestamp"/>
                                        <entry key="reciprocalendtakeoffrunavailabletora" value="java.lang.String"/>
                                        <entry key="reciprocalendtakeoffdistanceavailabletoda" value="java.lang.Double"/>
                                        <entry key="reciprocalendacltstopdistanceavailableasda" value="java.lang.Double"/>
                                        <entry key="reciprocalendlandingdistanceavailablelda" value="java.lang.Double"/>
                                        <entry key="reciprocalendlahso" value="java.lang.String"/>
                                        <entry key="reciprocalendlahsointersectrwyid" value="java.lang.String"/>
                                        <entry key="reciprocalendlahsointersectentity" value="java.lang.String"/>
                                        <entry key="reciprocalendlahsolatitude" value="java.lang.String"/>
                                        <entry key="reciprocalendlahsolatitudes" value="java.lang.String"/>
                                        <entry key="reciprocalendlahsolongitude" value="java.lang.String"/>
                                        <entry key="reciprocalendlahsolongitudes" value="java.lang.String"/>
                                        <entry key="reciprocalendlahsolatlongsource" value="java.lang.String"/>
                                        <entry key="reciprocalendlahsolatlongsourcedate" value="java.sql.Timestamp"/>
                                        <entry key="blank" value="java.lang.String"/>
                                        <entry key="id" value="java.lang.Integer"/>
                                    </map>
                                </property>
                            </bean>
                        </list>
                    </property>
                </bean>

                <bean class="org.apache.ignite.configuration.CacheConfiguration">
                    <property name="name" value="TelemetryCache"/>
                    <property name="cacheMode" value="PARTITIONED"/>
                    <property name="atomicityMode" value="ATOMIC"/>

                    <property name="queryEntities">
                        <list>
                            <bean class="org.apache.ignite.cache.QueryEntity">
                                <property name="keyType" value="java.lang.String"/>
                                <property name="valueType" value="com.pluralsight.duckair.models.Telemetry"/>
                                <property name="keyFieldName" value="rowId"/>

                                <property name="keyFields">
                                    <list>
                                        <value>rowId</value>
                                    </list>
                                </property>

                                <property name="fields">
                                    <map>
                                        <entry key="lastUpdate" value="java.sql.Timestamp"/>
                                        <entry key="routeId" value="java.lang.String"/>
                                        <entry key="flightNumber" value="java.lang.String"/>
                                        <entry key="altitude" value="java.lang.Integer"/>
                                        <entry key="airspeed" value="java.lang.Integer"/>
                                        <entry key="heading" value="java.lang.Integer"/>
                                        <entry key="currentSegment" value="java.lang.Integer"/>
                                        <entry key="positionLatitude" value="java.math.BigDecimal"/>
                                        <entry key="positionLongitude" value="java.math.BigDecimal"/>
                                        <entry key="rowId" value="java.lang.String"/>
                                    </map>
                                </property>

                                <property name="aliases">
                                    <map>
                                        <entry key="rowId" value="row_id"/>
                                        <entry key="lastUpdate" value="last_update"/>
                                        <entry key="routeId" value="route_id"/>
                                        <entry key="flightNumber" value="flight_number"/>
                                        <entry key="currentSegment" value="current_segment"/>
                                        <entry key="positionLatitude" value="position_latitude"/>
                                        <entry key="positionLongitude" value="position_longitude"/>
                                    </map>
                                </property>
                            </bean>
                        </list>
                    </property>
                </bean>

                <bean class="org.apache.ignite.configuration.CacheConfiguration">
                    <property name="name" value="WindsCache"/>
                    <property name="cacheMode" value="PARTITIONED"/>
                    <property name="atomicityMode" value="ATOMIC"/>

                    <property name="queryEntities">
                        <list>
                            <bean class="org.apache.ignite.cache.QueryEntity">
                                <property name="keyType" value="java.lang.Integer"/>
                                <property name="valueType" value="com.pluralsight.duckair.models.Winds"/>
                                <property name="keyFieldName" value="windsId"/>

                                <property name="keyFields">
                                    <list>
                                        <value>windsId</value>
                                    </list>
                                </property>

                                <property name="fields">
                                    <map>
                                        <entry key="station" value="java.lang.String"/>
                                        <entry key="altitude" value="java.lang.Integer"/>
                                        <entry key="direction" value="java.lang.Integer"/>
                                        <entry key="speed" value="java.lang.Integer"/>
                                        <entry key="tempurature" value="java.lang.Integer"/>
                                        <entry key="windsId" value="java.lang.Integer"/>
                                    </map>
                                </property>

                                <property name="aliases">
                                    <map>
                                        <entry key="windsId" value="winds_id"/>
                                    </map>
                                </property>
                            </bean>
                        </list>
                    </property>
                </bean>
            </list>
        </property>
    </bean>
</beans>