<?xml version="1.0" encoding="UTF-8"?>
<included>
    <appender name="ROLLING-APPENDER" class="ch.qos.logback.core.rolling.RollingFileAppender">
        <file>${LOG_FILE}_rolling.log</file>

        <encoder class="ch.qos.logback.classic.encoder.PatternLayoutEncoder">
            <Pattern>
                %d{dd-MM-yyyy HH:mm:ss.SSS} [%thread] %-5level %logger{36}.%M - %msg%n
            </Pattern>
        </encoder>

        <rollingPolicy class="ch.qos.logback.core.rolling.SizeAndTimeBasedRollingPolicy">
            <fileNamePattern>
                ${LOG_PATH}/archived/log_%d{dd-MM-yyyy}_%i.log
            </fileNamePattern>
            <maxFileSize>10MB</maxFileSize>
            <maxHistory>10</maxHistory>
            <totalSizeCap>100MB</totalSizeCap>
        </rollingPolicy>
    </appender>
</included>
