<?xml version="1.0" encoding="UTF-8"?>
<configuration>
    <include resource="org/springframework/boot/logging/logback/defaults.xml"/>

    <include resource="org/springframework/boot/logging/logback/console-appender.xml"/>
    <include resource="org/springframework/boot/logging/logback/file-appender.xml"/>

    <include resource="logback-rolling-appender.xml"/>

    <root level="INFO">
        <appender-ref ref="CONSOLE"/>
        <appender-ref ref="FILE"/>
        <appender-ref ref="ROLLING-APPENDER"/>
    </root>

    <logger name="app.service.f" level="DEBUG"/>
</configuration>